<?xml version="1.0" encoding="UTF-8"?>
<!DOCTYPE mapper PUBLIC "-//mybatis.org//DTD Mapper 3.0//EN" "http://mybatis.org/dtd/mybatis-3-mapper.dtd">
<!-- namespace : 해당 mapper를 사용하는 DAO 정보 입력 -->
<mapper namespace="com.study.board.user.UserDAO">

    <resultMap type="com.study.board.user.UserTblVO" id="userMap">
        <result property="userId"       column="USERID" />
        <result property="userPw"       column="USERPW" />
        <result property="email"        column="EMAIL" />
        <result property="name"         column="NAME" />
    </resultMap>

    <!-- id에 해당하는 쿼리를 날렸을 때 userMap에 가서 매핑하라는 정보 -->
    <select id="selectOneUser" resultMap="userMap">
        SELECT * FROM USER_TBL WHERE USERID=#{userId} AND USERPW=#{userPw}
    </select>

    <!-- <select id="selectOneUser" resultMap="userMap">
    SELECT * FROM USER_TBL WHERE USERID=#{userId}
    <if test="userPw != null and userPw != ''">
    AND USERPW=#{userPw}
    </if>
    </select> -->

    <select id="selectOneUserById" resultMap="userMap">
        SELECT * FROM USER_TBL WHERE USERID=#{userId}
    </select>

    <insert id="insertOneUser">
        INSERT INTO USER_TBL(USERID, USERPW, EMAIL, NAME) VALUES
        (#{userId}, #{userPw}, #{email}, #{name})
    </insert>

    <select id="selectOneUserByEmail" resultMap="userMap">
        SELECT * FROM USER_TBL WHERE EMAIL=#{email}
    </select>

    
</mapper>