<?xml version="1.0" encoding="UTF-8"?>
<!DOCTYPE mapper PUBLIC "-//mybatis.org//DTD Mapper 3.0//EN" "http://mybatis.org/dtd/mybatis-3-mapper.dtd">
<mapper namespace="com.study.board.UserDAO">

	<resultMap type="com.study.board.user.UserTblVO" id="userMap">
		<result property="userId" 		column="USERID" />
		<result property="userPw" 		column="USERPW" />
		<result property="name" 		column="NAME" />
		<result property="email" 		column="EMAIL" />
	</resultMap>
    
    <select id="selectOneUser" resultMap="userMap">		
        SELECT * FROM USER_TBL WHERE USERID=#{userId} AND USERPW=#{userPw}
	</select>

</mapper>